Num,Prod,SubstationId,SubstationName,MetarName,MaxLoad
1,rik32119502,44817,A001,Heierenfossen,1250
1,rik32119502,44818,A002,Hallum,200
1,rik32119502,44819,A003,Hallumsdalen,200
1,rik32119502,44820,A004,Odins Vei,500
1,rik32119502,44821,A005,Norderhovhjemmet,500
1,rik32119502,44822,A006,Tors Vei,200
1,rik32119502,44823,A007,Nettstasjon Ramsrud,200
1,rik32119502,44824,A008,Anettes Vei,500
1,rik32119502,44825,A009,Ve Terrasse,0
1,rik32119502,44826,A010,Veksalbakken,300
1,rik32119502,44827,A011,Oppen,200
1,rik32119502,44828,A012,Oppen Vest,315
1,rik32119502,44829,A013,Heieren M?lle,50
1,rik32119502,44830,A015,Halsteinrud 2,100
1,rik32119502,44831,A016,Granum,100
1,rik32119502,44832,A017,Moen,100
1,rik32119502,44833,A018,S?tra,100
1,rik32119502,44834,A019,Elvenga,100
1,rik32119502,44835,A020,N?kleby,50
1,rik32119502,44836,A021,Hallingby,50
1,rik32119502,44837,A022,Tveita,50
1,rik32119502,44838,A023,Hestehagen,100
1,rik32119502,44839,A024,Heggen,200
1,rik32119502,44840,A025,Vemehagen,50
1,rik32119502,44841,A026,Drolshammer,100
1,rik32119502,44842,A028,Hallingplassen,100
1,rik32119502,44843,A029,Hagan,50
1,rik32119502,44844,A030,Tronerudtangen,100
1,rik32119502,44845,A031,Tronerud,100
1,rik32119502,44846,A032,Tronerud vanning,50
1,rik32119502,44847,A033,Holmen,200
1,rik32119502,44848,A034,Heggelia,50
1,rik32119502,44849,A035,?st Veme 2,100
1,rik32119502,44850,A036,Kvernvolden,200
1,rik32119502,44851,A038,Hjelmerud,100
1,rik32119502,44852,A039,Veme,100
1,rik32119502,44853,A041,Skotland g?rd,50
1,rik32119502,44854,A042,Skotland,200
1,rik32119502,44855,A045,Borglund skole,50
1,rik32119502,44856,A047,Borgerud,100
1,rik32119502,44857,A048,L?kke,100
1,rik32119502,44858,A049,Smedshammer,100
1,rik32119502,44859,A051,V?la bru,100
1,rik32119502,44860,A052,Johnsrud,100
1,rik32119502,44861,A053,Bakke,100
1,rik32119502,44862,A054,Gardhammer sag,100
1,rik32119502,44863,A055,Gardhammer,200
1,rik32119502,44864,A057,Rognerud,100
1,rik32119502,44865,A060,Veme sag,100
1,rik32119502,44866,A063,Berghaug,75
1,rik32119502,44867,A064,Hallingst?veren,100
1,rik32119502,44868,A066,St?veren,50
1,rik32119502,44869,A067,Nikkelbrua,100
1,rik32119502,44870,A069,Rolvetangen,100
1,rik32119502,44871,A070,Storbr?ten,100
1,rik32119502,44872,A071,Kittilsby II,100
1,rik32119502,44873,A072,Kittilsby,100
1,rik32119502,44874,A077,Helgerud Skole,630
1,rik32119502,44875,A078,Valhallveien 15,500
1,rik32119502,44876,A079,Valhallveien 13,500
1,rik32119502,44877,A080,Valhallveien 3,500
1,rik32119502,44878,A081,Valhallveien 9,500
1,rik32119502,44879,A082,Valhallveien 14 - 18,500
1,rik32119502,44880,A083,Muninveien,300
1,rik32119502,44881,A084,Huginveien,300
1,rik32119502,44882,A085,Baldersvei,300
1,rik32119502,44883,A086,Fr?yas Vei,300
1,rik32119502,44884,A087,B?lerudmarka 1,500
1,rik32119502,44885,A088,B?lerudmarka 2,800
1,rik32119502,44886,A089,Halsteinrud terasse,200
1,rik32119502,44887,A090,Fjellveien,500
1,rik32119502,44888,A091,Feltspatveien,300
1,rik32119502,44889,A092,Glimmerveien,315
1,rik32119502,44890,A093,B?lerudveien 1,300
1,rik32119502,44891,A094,B?lerudveien 1,300
1,rik32119502,44892,A096,Bråthen,50
1,rik32119502,44893,A097,Oppen?sen Panorama,315
1,rik32119502,44894,A098,Nøkleby koblingsanlegg,0
1,rik32119502,44895,A099,Halsteinrud koblingsanlegg,0
1,rik32119502,44896,A100,Nøkleby omformerst. koblingsanlegg,0
1,rik32119502,44897,B003,Sesserud,100
1,rik32119502,44898,B004,Tangerud,200
1,rik32119502,44899,B006,Tranby,100
1,rik32119502,44900,B008,Modalen 2,50
1,rik32119502,44901,B009,Modalen 1,50
1,rik32119502,44902,B010,Evjua,50
1,rik32119502,44903,B011,Trailerbygg 2,300
1,rik32119502,44904,B012,Pukerudhagen,100
1,rik32119502,44905,B015,Skraperud,50
1,rik32119502,44906,B017,Trailerbygg 1,500
1,rik32119502,44907,B018,Halkinrud,100
1,rik32119502,44908,B020,Andenrud,100
1,rik32119502,44909,B021,Pukerud torvmyr,100
1,rik32119502,44910,B022,Sokna sag 1,300
1,rik32119502,44911,B023,Sokna sag 2,1000
1,rik32119502,44912,B024,Flaskerud 1,100
1,rik32119502,44913,B025,Lerfaldet,100
1,rik32119502,44914,B026,Sokna sag pumpestasjon,315
1,rik32119502,44915,B027,Snyta,50
1,rik32119502,44916,B028,Sokna sag 3,800
1,rik32119502,44917,B029,Hovland g?rd,50
1,rik32119502,44918,B030,Ringveien,200
1,rik32119502,44919,B031,Rusta Kafe,200
1,rik32119502,44920,B032,Sokna Brannstasjon,500
1,rik32119502,44921,B034,Posthuset,500
1,rik32119502,44922,B036,Solbakken,50
1,rik32119502,44923,B037,Stabekk,100
1,rik32119502,44924,B038,Sokna Trygdebolig,300
1,rik32119502,44925,B040,Djupdalsgropa,50
1,rik32119502,44926,B041,Permobakken,200
1,rik32119502,44927,B042,Kirkemoen Boligfelt,315
1,rik32119502,44928,B043,Sokna Ungdomsskole,0
1,rik32119502,44929,B044,Kristofferbr?ten,50
1,rik32119502,44930,B045,Sokna Sykehjem,500
1,rik32119502,44931,B046,Gullaug bru,100
1,rik32119502,44932,B047,Rosenlund,100
1,rik32119502,44933,B048,Bjerke,50
1,rik32119502,44934,B049,Berg,50
1,rik32119502,44935,B050,Kjos sag,800
1,rik32119502,44936,B051,Vestaker,30
1,rik32119502,44937,B052,Krogsrud,50
1,rik32119502,44938,B053,Mokastet,100
1,rik32119502,44939,B054,Slette,50
1,rik32119502,44940,B055,Nilsebr?ten,50
1,rik32119502,44941,B056,Narverud,50
1,rik32119502,44942,B057,Land,100
1,rik32119502,44943,B058,Sletaker,100
1,rik32119502,44944,B059,Bergland,315
1,rik32119502,44945,B060,Sokna Vannverk,315
1,rik32119502,44946,B062,Gulsplass,200
1,rik32119502,44947,B063,Solli,100
1,rik32119502,44948,B064,Bliksrud,50
1,rik32119502,44949,B066,Langvandsbr?ten,50
1,rik32119502,44950,B068,Bergsrud,0
1,rik32119502,44951,B070,Havik,30
1,rik32119502,44952,B072,Bergsj?,100
1,rik32119502,44953,B073ny,Sætra 2,0
1,rik32119502,44954,B074,Rallerud,100
1,rik32119502,44955,B075,Breili,0
1,rik32119502,44956,B076,Dalen,50
1,rik32119502,44957,B078,Haverstingen,100
1,rik32119502,44958,B079,Lundesg?rd,0
1,rik32119502,44959,B080,Volden 1,100
1,rik32119502,44960,B081,Ree,200
1,rik32119502,44961,B083,Roa,200
1,rik32119502,44962,B085,Permobakken 1,315
1,rik32119502,44963,B088,Moplass,50
1,rik32119502,44964,B090,Tytteb?rmoen,32
1,rik32119502,44965,B091,Trolltjern,32
1,rik32119502,44966,B092,Krokbekk,32
1,rik32119502,44967,B093,Hallvassbrua,32
1,rik32119502,44968,B094,Tollefsrud,100
1,rik32119502,44969,B095,Aure,100
1,rik32119502,44970,B096,Aure Sag,300
1,rik32119502,44971,B097,Br?ten,50
1,rik32119502,44972,B098,?modt,100
1,rik32119502,44973,B099,H?len,50
1,rik32119502,44974,B100,Nyhus,100
1,rik32119502,44975,B101,Str?msodd 1,100
1,rik32119502,44976,B102,Str?msodd 2,100
1,rik32119502,44977,B103,Str?msodd 3,100
1,rik32119502,44978,B104,Rallerud brytermast,0
1,rik32119502,44979,B105,Lys?brua,32
1,rik32119502,44980,B106,Sognemo,50
1,rik32119502,44981,B107,Aure kapell,50
1,rik32119502,44982,B109,Frisvannet,50
1,rik32119502,44983,B110,Pukerudhagan 2,200
1,rik32119502,44984,B111,Olde,100
1,rik32119502,44985,B112,Huskebrua,50
1,rik32119502,44986,B115,Roverudh?len,50
1,rik32119502,44987,B116,Kjos sag 2,800
1,rik32119502,44988,B117,Eivannet,50
1,rik32119502,44989,B118,Ruud Gård,200
1,rik32119502,44990,B120,Lynghaugen,50
1,rik32119502,44991,B121,Pukerudhagen 3,315
1,rik32119502,44992,B127,Coop Sokna,500
1,rik32119502,44993,B128,Hansonplassen,50
1,rik32119502,44994,B132,Rallerud ?st,500
1,rik32119502,44995,B133,Rallerudtunnellen 1,500
1,rik32119502,44996,B134,Rallerudtunnellen 2,160
1,rik32119502,44997,B139,Narverud koblingsanlegg,0
1,rik32119502,44998,B140,Langvandsbråten koblingsanlegg,0
1,rik32119502,44999,B143,Rallerud Vest,500
1,rik32119502,45000,B144,?rgenvika ?st,500
1,rik32119502,45001,B145,?rgenvikatunnellen 1,315
1,rik32119502,45002,C001,Stabelsgate 13,1250
1,rik32119502,45003,C002,Samfunnshuset,500
1,rik32119502,45004,C003,Stabellsgate 7,1000
1,rik32119502,45005,C005,Kong Ringsgate,500
1,rik32119502,45006,C006,Storgaten 13,800
1,rik32119502,45007,C007,Schongshaugen,500
1,rik32119502,45008,C008,Anna Collbj?rnsdattersgate,300
1,rik32119502,45009,C009,Schjongstangen,500
1,rik32119502,45010,C010,Sundet,0
1,rik32119502,45011,C011,Realskolen,315
1,rik32119502,45012,C012,Dronningens gate,315
1,rik32119502,45013,C013,Sagdammen,100
1,rik32119502,45014,C014,Krematoriet,500
1,rik32119502,45015,C016,Schongslunden,500
1,rik32119502,45016,C017,H?nefoss Bruks sag,500
1,rik32119502,45017,C018,Ringerike Sparebank,500
1,rik32119502,45018,C019,Nordre Brohode,300
1,rik32119502,45019,C020,Nordre Park,300
1,rik32119502,45020,C021,Folkeskolen 1,300
1,rik32119502,45021,C022,H?nefoss Hvilehjem,500
1,rik32119502,45022,C023,Henrik Ibsens Plass,300
1,rik32119502,45023,C024,Hattemaker Knutsensvei,300
1,rik32119502,45024,C025,Nansenveien 14,500
1,rik32119502,45025,C026,Holtangen,315
1,rik32119502,45026,C027,H?nengata syd,630
1,rik32119502,45027,C028,Uller?lsgata 15,315
1,rik32119502,45028,C029,Kornsiloen,800
1,rik32119502,45029,C030,Asbj?rnsensgate 12,630
1,rik32119502,45030,C031,H?nengata nord,315
1,rik32119502,45031,C032,Ankersgate 16,500
1,rik32119502,45032,C033,Goman,1250
1,rik32119502,45033,C034,Parkgaten 13 - 15,300
1,rik32119502,45034,C035,Folkeskolen 2,500
1,rik32119502,45035,C036,Storl?kka 1,630
1,rik32119502,45036,C037,Storl?kka 2,300
1,rik32119502,45037,C038,Samfunnshuset 2,800
1,rik32119502,45038,C039,Arnemannsveien,0
1,rik32119502,45039,C040,Bekkegata pumpest.,315
1,rik32119502,45040,C041,Rabbaveien16,315
1,rik32119502,45041,C042,Skifabrikken,500
1,rik32119502,45042,C043,Storjordet,500
1,rik32119502,45043,C044,Flattum,800
1,rik32119502,45044,C045,Slett?kerveien,500
1,rik32119502,45045,C046,Hov Ungdomsskole,500
1,rik32119502,45046,C047,H?nen Alle,630
1,rik32119502,45047,C048,Hov G?rd,630
1,rik32119502,45048,C049,Olav Duunsvei,300
1,rik32119502,45049,C050,Vestern g?rd,300
1,rik32119502,45050,C051,Haldenjordet 1,800
1,rik32119502,45051,C052,Dronning Ragnhildsvei,500
1,rik32119502,45052,C053,Kongress,1000
1,rik32119502,45053,C054,Storjordet 2,315
1,rik32119502,45054,C055,Haldenjordet 2,500
1,rik32119502,45055,C056,Blindeforbundet,0
1,rik32119502,45056,C057,St?alandet,200
1,rik32119502,45057,C058,Vesternmarka,315
1,rik32119502,45058,C059,Vesternbakken,300
1,rik32119502,45059,C060,Vesterntoppen,315
1,rik32119502,45060,C061,Uller?l Skole,500
1,rik32119502,45061,C062,Busterud,500
1,rik32119502,45062,C063,R?dhuset,800
1,rik32119502,45063,C064,Utstillingsplassen,315
1,rik32119502,45064,C065,Gigstad,200
1,rik32119502,45065,C066,Dompidal,500
1,rik32119502,45066,C067,Eikli industri,300
1,rik32119502,45067,C068,Brattli,315
1,rik32119502,45068,C069,F?dehjemmet,500
1,rik32119502,45069,C070,Sykehuset,315
1,rik32119502,45070,C071,Eikli skole,315
1,rik32119502,45071,C072ny,Planl ny st,0
1,rik32119502,45072,C073,Udis,1000
1,rik32119502,45073,C074,Bredalsveien 14,315
1,rik32119502,45074,C075,Yrkeskolen,1600
1,rik32119502,45075,C076,Fuglesang,500
1,rik32119502,45076,C077,Dalsbr?ten,500
1,rik32119502,45077,C078,Hauga,300
1,rik32119502,45078,C079,Veienmoen 2,200
1,rik32119502,45079,C080,Eikli,300
1,rik32119502,45080,C081,Veienmoen 3,500
1,rik32119502,45081,C082,Veienmoen 4,500
1,rik32119502,45082,C083,Ring auto,630
1,rik32119502,45083,C084,Villaheimen,200
1,rik32119502,45084,C085,Follum/Veien skole,500
1,rik32119502,45085,C086,Sentrumskvartalet,1250
1,rik32119502,45086,C087,Fossheim,300
1,rik32119502,45087,C088,Ellingrud,500
1,rik32119502,45088,C089,Dagali,315
1,rik32119502,45089,C090,Jernbanestasjonen,300
1,rik32119502,45090,C091,Hvervenmoen 3,800
1,rik32119502,45091,C092,Hvervenmoen 2,1250
1,rik32119502,45092,C093,Veienkollen 2,315
1,rik32119502,45093,C094,R?de Kors,200
1,rik32119502,45094,C095,Myrene,0
1,rik32119502,45095,C096,Folkeh?yskolen,500
1,rik32119502,45096,C097,Tittut,300
1,rik32119502,45097,C098,Hvelven,200
1,rik32119502,45098,C099,Lyshaug,315
1,rik32119502,45099,C1,Tømmerrenseri,0
1,rik32119502,45100,C100,Tolpinrud 1,315
1,rik32119502,45101,C101,Kvil,0
1,rik32119502,45102,C102,Tolpinrud 2,315
1,rik32119502,45103,C103,H?yby Pumpestasjon,200
1,rik32119502,45104,C104,Overgangstasjonen,315
1,rik32119502,45105,C105,?stmoveien 14,200
1,rik32119502,45106,C106,Telegrafverket,300
1,rik32119502,45107,C107,L?chen - Fogth,630
1,rik32119502,45108,C108,Storgata 4,500
1,rik32119502,45109,C109,Kong Ringsgate 9,500
1,rik32119502,45110,C110,?deg?rdsveien,300
1,rik32119502,45111,C111,Hvalsmoveien 2,300
1,rik32119502,45112,C112,ANKERSGT. 5,300
1,rik32119502,45113,C113,H?sveis,800
1,rik32119502,45114,C114,Asbj?rnsensgate 1,300
1,rik32119502,45115,C115,Sommerveien,300
1,rik32119502,45116,C116,Hengsleveien 19,500
1,rik32119502,45117,C117,Hengsleveien 151,500
1,rik32119502,45118,C118,S?ndre Torv 2,630
1,rik32119502,45119,C119,Kirken,300
1,rik32119502,45120,C120,Storgata 10,500
1,rik32119502,45121,C121,Soknaveien 3,500
1,rik32119502,45122,C122,Arneg?rdsveien 51,300
1,rik32119502,45123,C123,Bohus,630
1,rik32119502,45124,C124,Tronrud n?ringsbygg,500
1,rik32119502,45125,C125,Bredalsveien,500
1,rik32119502,45126,C126,Slyngveien,500
1,rik32119502,45127,C127,Krokenveien 17,500
1,rik32119502,45128,C128,Begnamoen koblingsanlegg,0
1,rik32119502,45129,C129,Begnamoen,300
1,rik32119502,45130,C130,Dina Follum,300
1,rik32119502,45131,C131,H?ybyveien 26,500
1,rik32119502,45132,C132,Bakkeveien,315
1,rik32119502,45133,C133,Rabbaveien 85,200
1,rik32119502,45134,C134,LUDV. GR?NVOLDSVEG 3,300
1,rik32119502,45135,C135,Sverre Halvorsensvei,300
1,rik32119502,45136,C136,Paludansgate,500
1,rik32119502,45137,C137,Monserud Renseanlegg,200
1,rik32119502,45138,C138,Riperbakken,500
1,rik32119502,45139,C139,Vinterroveien,200
1,rik32119502,45140,C140,Begnaveien,300
1,rik32119502,45141,C141,Hofsfossveien 139,315
1,rik32119502,45142,C142,Barbro pumpestasjon,315
1,rik32119502,45143,C143,Trulserudveien 21,300
1,rik32119502,45144,C144,Veienkollen,100
1,rik32119502,45145,C145,Konglefaret,315
1,rik32119502,45146,C146,Gartnerveien,315
1,rik32119502,45147,C147,Monserud trafostasjon,100
1,rik32119502,45148,C148,N.G.O. 2,500
1,rik32119502,45149,C149,Nordre Torv 2,630
1,rik32119502,45150,C150,Eikli g?rd,200
1,rik32119502,45151,C151,Aspelin,500
1,rik32119502,45152,C152,N.G.O. 1,1600
1,rik32119502,45153,C153,Hofsfossveien 139,200
1,rik32119502,45154,C154,Ringeriksgata Pumpestasjon,200
1,rik32119502,45155,C155,Dalsbr?ten vannpumpest.,630
1,rik32119502,45156,C156,Hvervenkastet,315
1,rik32119502,45157,C157,Veienmarka Ungdomskole,500
1,rik32119502,45158,C158,Veien gamle skole,315
1,rik32119502,45159,C159,Hvervenmoen,800
1,rik32119502,45160,C160,Birkebeinerveien,1250
1,rik32119502,45161,C161,Veigin 1,315
1,rik32119502,45162,C162,VEIGIN 2,315
1,rik32119502,45163,C163,Veigin 3,315
1,rik32119502,45164,C164,Brannstasjon Eikli,315
1,rik32119502,45165,C165,Flattumsgate 14,315
1,rik32119502,45166,C166,Hønefossenteret,1600
1,rik32119502,45167,C167,Justisbygget,500
1,rik32119502,45168,C168,Stormarkedet,0
1,rik32119502,45169,C169,Sagatun 1,315
1,rik32119502,45170,C170,Sagatun 2,200
1,rik32119502,45171,C171,Regimentsg?rden,500
1,rik32119502,45172,C172,Hovsmarkveien,200
1,rik32119502,45173,C173,Tordenskjoldsgate,300
1,rik32119502,45174,C174,Storjordet 3,500
1,rik32119502,45175,C175,Sundgata 10,500
1,rik32119502,45176,C176,Postg?rden,500
1,rik32119502,45177,C177,Nansenveien,630
1,rik32119502,45178,C178,Monserud 2,315
1,rik32119502,45179,C179,Hofsfossveien 20,315
1,rik32119502,45180,C180,Osloveien 4,500
1,rik32119502,45181,C181,Bekkegata 22,500
1,rik32119502,45182,C182,Kinohaven,1000
1,rik32119502,45183,C183,Hand-Pro,500
1,rik32119502,45184,C184,Trygstad Boligfelt,630
1,rik32119502,45185,C185,Sykehuset Teknisk Sentral,1250
1,rik32119502,45186,C186,Stabellsgate 9,800
1,rik32119502,45187,C187,Hvelven Sykehjem,630
1,rik32119502,45188,C188,Rabbaveien 76,315
1,rik32119502,45189,C189,Sykehuset somatisk,800
1,rik32119502,45190,C190,Somatisk 2,1000
1,rik32119502,45191,C191,Veien Kulturminnepark,315
1,rik32119502,45192,C192,Myra boligfelt,500
1,rik32119502,45193,C193,Molvald,800
1,rik32119502,45194,C194,Hvervenenga 1,500
1,rik32119502,45195,C195,Hvervenenga 2.,500
1,rik32119502,45196,C196,Viken Skog,1000
1,rik32119502,45197,C197,Vardar,1600
1,rik32119502,45198,C198,Ugland,630
1,rik32119502,45199,C199,Tolpinrud Vest,500
1,rik32119502,45200,C200,Thermobygg,500
1,rik32119502,45201,C201,Plantasjen,200
1,rik32119502,45202,C202,?konomihuset,500
1,rik32119502,45203,C203,H?nefoss Stadion Flomlys,800
1,rik32119502,45204,C204,Veienmarka N?ringsomr?det,500
1,rik32119502,45205,C205,Vesternbakken 18,50
1,rik32119502,45206,C206,Follum Molvald Syd,500
1,rik32119502,45207,C207,Moldvald Nord,0
1,rik32119502,45208,C208,Follum port syd,630
1,rik32119502,45209,C209,Follum Truckverksted,800
1,rik32119502,45210,C210prov,Hfs vg skole,0
1,rik32119502,45211,C211,Spoler Follum,0
1,rik32119502,45212,C212,Rua koblingsanlegg,0
1,rik32119502,45213,C214,Monserud koblingsanlegg,0
1,rik32119502,45214,C215,Ringveien koblingsanlegg,0
1,rik32119502,45215,C216,Sagdammen koblingsanlegg,0
1,rik32119502,45216,C217,Osloveien 25,315
1,rik32119502,45217,C218,Flerbrukshallen,1250
1,rik32119502,45218,C219,Telenor Satelittstasjon,200
1,rik32119502,45219,C300,Varegrind Sagdammen,0
1,rik32119502,45220,D003,S?rum,100
1,rik32119502,45221,D004,Ringerike Trafostasjon,630
1,rik32119502,45222,D005,S?rum koblingsanlegg,50
1,rik32119502,45223,D006,Flaten,50
1,rik32119502,45224,D007,R?yseng,100
1,rik32119502,45225,D009,Heieren,100
1,rik32119502,45226,D010,S?rgefoss 2,100
1,rik32119502,45227,D011,Nordengen,50
1,rik32119502,45228,D012,Hole-?deg?rd,100
1,rik32119502,45229,D013,Lerberg 1,50
1,rik32119502,45230,D014,Lerberg nedre,100
1,rik32119502,45231,D015,S?rgefoss,200
1,rik32119502,45232,D016,Bjerkemoen,100
1,rik32119502,45233,D017,Berengsletta,200
1,rik32119502,45234,D018,Korsdalen,50
1,rik32119502,45235,D019,Madsplass,50
1,rik32119502,45236,D020,Dal,100
1,rik32119502,45237,D021,Klemmestad,100
1,rik32119502,45238,D022,Styggdal,100
1,rik32119502,45239,D023,R?sholmstranda,315
1,rik32119502,45240,D024,R?sholm,100
1,rik32119502,45241,D025,Odden,50
1,rik32119502,45242,D026,Gomsrud 2,100
1,rik32119502,45243,D027,Gomsrud 1,100
1,rik32119502,45244,D028,M?lingen,100
1,rik32119502,45245,D030,Tajet,50
1,rik32119502,45246,D033,Ask,100
1,rik32119502,45247,D035,Bj?rkenga,100
1,rik32119502,45248,D036,Bjerke bru,200
1,rik32119502,45249,D037,Lerberg 2,100
1,rik32119502,45250,D038,Hoen,100
1,rik32119502,45251,D039,Stranden skole 1,200
1,rik32119502,45252,D040,Stranden skole 2,315
1,rik32119502,45253,D042,Sollys,200
1,rik32119502,45254,D044,Muggerud,200
1,rik32119502,45255,D045,Egge,100
1,rik32119502,45256,D048,Langerud,200
1,rik32119502,45257,D049,Ekornrud,100
1,rik32119502,45258,D051,Breien,100
1,rik32119502,45259,D052,Breien 2,50
1,rik32119502,45260,D053,Breien vanning,100
1,rik32119502,45261,D054,Veholt,50
1,rik32119502,45262,D055,Veholtvika,100
1,rik32119502,45263,D057,Klav?sen,50
1,rik32119502,45264,D058,Flaten 2,100
1,rik32119502,45265,D059,Langerud koblingsanlegg,0
1,rik32119502,45266,D060,Søndre Sørum koblingsanlegg,0
1,rik32119502,45267,E001,Maurrud,100
1,rik32119502,45268,E002,Klav?ssvingen,200
1,rik32119502,45269,E003,Fegri 1,200
1,rik32119502,45270,E004,Fegri 2,200
1,rik32119502,45271,E005,Kloakkrenseanlegg,200
1,rik32119502,45272,E006,St?a,200
1,rik32119502,45273,E007,Tangen,100
1,rik32119502,45274,E009,Slottsbakken,100
1,rik32119502,45275,E010,Ringerike M?bel,800
1,rik32119502,45276,E011,St?aveien,200
1,rik32119502,45277,E012,Coop Tyristrand,500
1,rik32119502,45278,E013,B?hn-Myhres vanning,100
1,rik32119502,45279,E014,Kind,200
1,rik32119502,45280,E015,Maltekleiva,200
1,rik32119502,45281,E017,Tyristrand Skole,300
1,rik32119502,45282,E018,Kinds?sen 1,315
1,rik32119502,45283,E019,Solberg?sen 1,200
1,rik32119502,45284,E020,Tjernsli,200
1,rik32119502,45285,E021,Myhre,100
1,rik32119502,45286,E022,Solbergtajet,100
1,rik32119502,45287,E023,Pj?ka,100
1,rik32119502,45288,E024,Br?ten 2,100
1,rik32119502,45289,E025,Heieren,50
1,rik32119502,45290,E026,Kinds?sen 2,315
1,rik32119502,45291,E027,Br?ten 1,100
1,rik32119502,45292,E028,V?leren H?vleri,315
1,rik32119502,45293,E029,Kinds?sfaret,315
1,rik32119502,45294,E030,Kauserud,100
1,rik32119502,45295,E031,Br?ten bru,100
1,rik32119502,45296,E033,Nettop,200
1,rik32119502,45297,E034,Pj?kerud,100
1,rik32119502,45298,E036,V?leren,100
1,rik32119502,45299,E037,Kinds?sveien,200
1,rik32119502,45300,E038,Hovind,100
1,rik32119502,45301,E039,Hagen,50
1,rik32119502,45302,E040,Haga bru,200
1,rik32119502,45303,E041,Skjærdalen elektrokjele,0
1,rik32119502,45304,E042,Hollerud,200
1,rik32119502,45305,E043,Ringerike Kretsfengsel,1250
1,rik32119502,45306,E045,Solli,50
1,rik32119502,45307,E046,Ringerike kretsfengsel 2,1000
1,rik32119502,45308,E048,Haug1,50
1,rik32119502,45309,E049,Tyristrand Vanning V?leren,50
1,rik32119502,45310,E051,Haug 2,200
1,rik32119502,45311,E052,Lauvli,50
1,rik32119502,45312,E053,Haug 3,100
1,rik32119502,45313,E054,Nakkerud 2,100
1,rik32119502,45314,E057,Nakkerud 1,200
1,rik32119502,45315,E058,Norderud 1,200
1,rik32119502,45316,E059,Perhagan,300
1,rik32119502,45317,E060,Bure,50
1,rik32119502,45318,E061,Bureveien,100
1,rik32119502,45319,E062,Nakkerudgata,200
1,rik32119502,45320,E063,Parken,100
1,rik32119502,45321,E066,Grefsrud,200
1,rik32119502,45322,E069,Tyribo,500
1,rik32119502,45323,E070,Tyribo 1,200
1,rik32119502,45324,E071,Stigsrudh?gda,100
1,rik32119502,45325,E072,Engen,100
1,rik32119502,45326,E075,Vesetrud,100
1,rik32119502,45327,E078,Ellingsen sag,200
1,rik32119502,45328,E079,Bak?sveien,100
1,rik32119502,45329,E080,Kolkinn,50
1,rik32119502,45330,E081,?sterud,50
1,rik32119502,45331,E085,St?a 2,50
1,rik32119502,45332,E087,Tyristrand koblingsanlegg mastearr,0
1,rik32119502,45333,E088,Ringerike Kretsfengsel koblingsanlegg,0
1,rik32119502,45334,E089,Tyristrand koblingsanlegg kiosk,0
1,rik32119502,45335,E999P,Pjåkerud hyttefelt,0
1,rik32119502,45336,Elektrofyrhus,Elektrofyrhus 5kV,0
1,rik32119502,45337,F002,Sonerud,200
1,rik32119502,45338,F004,Bj?rke,100
1,rik32119502,45339,F005,Bj?rnstad,100
1,rik32119502,45340,F006,Moe,100
1,rik32119502,45341,F007,Skauveien,200
1,rik32119502,45342,F008,S?rum,500
1,rik32119502,45343,F009,Solheimtunet,500
1,rik32119502,45344,F010,Helgelandsmoen,0
1,rik32119502,45345,F011,Forsvaret 6 vestre leir,50
1,rik32119502,45346,F012,Forsvaret 1,800
1,rik32119502,45347,F014,Forsvaret 2,1250
1,rik32119502,45348,F015,Forsvaret 4,200
1,rik32119502,45349,F016,Forsvaret 3,500
1,rik32119502,45350,F017,Forsvaret 5,315
1,rik32119502,45351,F018,Br?ten,200
1,rik32119502,45352,F019,Hole renseanlegg,100
1,rik32119502,45353,F020,NATO,800
1,rik32119502,45354,F021,Hole Idrettsanlegg,200
1,rik32119502,45355,F022,Domholt,200
1,rik32119502,45356,F023,Aver?ya,200
1,rik32119502,45357,F024,Klokkerplassen,200
1,rik32119502,45358,F025,Svingerud,100
1,rik32119502,45359,F026,Hole kirke,200
1,rik32119502,45360,F027,Bredvold,100
1,rik32119502,45361,F028,Hafnor,100
1,rik32119502,45362,F029,Fr?yshov,200
1,rik32119502,45363,F031,R?yse Skole,500
1,rik32119502,45364,F032,Fr?shaug?sen 1,200
1,rik32119502,45365,F033,Fr?shaug?sen 2,100
1,rik32119502,45366,F034,D?hli,100
1,rik32119502,45367,F035,Stadum,50
1,rik32119502,45368,F036,Myhre,100
1,rik32119502,45369,F037,Onsakervika,200
1,rik32119502,45370,F038,Tyrifjordregn,500
1,rik32119502,45371,F039,D?hli g?rd,50
1,rik32119502,45372,F040,Bye,200
1,rik32119502,45373,F041,?vre fjeldstad,100
1,rik32119502,45374,F042,Svendsrud,300
1,rik32119502,45375,F043,Byhavna,50
1,rik32119502,45376,F044,Svendsrud brygge,315
1,rik32119502,45377,F045,Ullern,100
1,rik32119502,45378,F046,Fjeldstad,100
1,rik32119502,45379,F047,R?ysetoppen,800
1,rik32119502,45380,F048,S?hol,200
1,rik32119502,45381,F049,Evjual,300
1,rik32119502,45382,F050,Fjeld,100
1,rik32119502,45383,F051,N?stret,200
1,rik32119502,45384,F052,Eithun,100
1,rik32119502,45385,F053,?deg?rden,200
1,rik32119502,45386,F054,Stubberud,200
1,rik32119502,45387,F055,Gomnes 2,315
1,rik32119502,45388,F056,Vestre Ruud,100
1,rik32119502,45389,F057,Loe,200
1,rik32119502,45390,F058,Hunstad,200
1,rik32119502,45391,F059,Svarstad,200
1,rik32119502,45392,F060,Pj?ka,200
1,rik32119502,45393,F061,Sandhaugen,100
1,rik32119502,45394,F062,B?nsnes,100
1,rik32119502,45395,F064,Lehne,200
1,rik32119502,45396,F065,Ruuds?sen,200
1,rik32119502,45397,F066,Vestbr?ten,100
1,rik32119502,45398,F067,Fjeld pumpeanlegg,200
1,rik32119502,45399,F068,Thaulow,100
1,rik32119502,45400,F069,Tyrifjord videreg skole,200
1,rik32119502,45401,F070,Hodt,100
1,rik32119502,45402,F072,Brygga,50
1,rik32119502,45403,F073,Hole vannverk,500
1,rik32119502,45404,F075,Tyrifjordheimen,500
1,rik32119502,45405,F076,Leine 2,100
1,rik32119502,45406,F077,Tyrifjord Videreg?ende Skole,630
1,rik32119502,45407,F080,ELST?EN 2,630
1,rik32119502,45408,F081,Leinestranda,100
1,rik32119502,45409,F083,Elst?en Gartneri 3,800
1,rik32119502,45410,F084,Ringeriksbadet,800
1,rik32119502,45411,F086,Helgelandsmoen koblingsanlegg,500
1,rik32119502,45412,F087,Elstøen koblingsanlegg,0
1,rik32119502,45413,F088,Soria Moria,500
1,rik32119502,45414,G002,Ultvedt spolekiosk,0
1,rik32119502,45415,G003,Myhre,100
1,rik32119502,45416,G004,?serud,100
1,rik32119502,45417,G005,Hurum 2,50
1,rik32119502,45418,G006,Hurum,100
1,rik32119502,45419,G007,Vollgata,100
1,rik32119502,45420,G008,Hurum vanning,50
1,rik32119502,45421,G009,Lore,100
1,rik32119502,45422,G010,Lore?sen 2,100
1,rik32119502,45423,G011,Nibbiklo,200
1,rik32119502,45424,G012,Her?ya,100
1,rik32119502,45425,G013,Lore?sen 1,100
1,rik32119502,45426,G014,Lore?sen 3,100
1,rik32119502,45427,G015,Ner-Stein,150
1,rik32119502,45428,G016,Stein-S?rum,500
1,rik32119502,45429,G017,Nordre Lore?sen,100
1,rik32119502,45430,G018,Stein,100
1,rik32119502,45431,G019,Stein pumpestasjon,200
1,rik32119502,45432,G021,Korneliussen,200
1,rik32119502,45433,G022,Fjordveien,315
1,rik32119502,45434,G023,Steins?sen Park,315
1,rik32119502,45435,G024,Steinsbakken,200
1,rik32119502,45436,G025,Rudstunet,500
1,rik32119502,45437,G026,Sigurd Syrsvei,500
1,rik32119502,45438,G027,H?yenhall,500
1,rik32119502,45439,G028,Solbergsvei,300
1,rik32119502,45440,G029,Birchs vei,500
1,rik32119502,45441,G030,Trageton,500
1,rik32119502,45442,G031,Viksh?gda,200
1,rik32119502,45443,G032,Hole Ungdomsskole,300
1,rik32119502,45444,G033,Koksrud,315
1,rik32119502,45445,G034,Steins?sen Vestre,300
1,rik32119502,45446,G035,Nedre Steins?sen,500
1,rik32119502,45447,G036,Jomfruland,100
1,rik32119502,45448,G037,Strandveien,800
1,rik32119502,45449,G039,Haugen,100
1,rik32119502,45450,G042,Selte,100
1,rik32119502,45451,G045,Viksenga boligfelt,0
1,rik32119502,45452,G048,Bihli,200
1,rik32119502,45453,G051,L?kenmoen,200
1,rik32119502,45454,G052,Rolighet,50
1,rik32119502,45455,G053,Kjellerberget,315
1,rik32119502,45456,G054,Kjellerbergenga,100
1,rik32119502,45457,G055,Kjellebergsvingen,50
1,rik32119502,45458,G057,Borgen,100
1,rik32119502,45459,G060,Lille Rytterager,100
1,rik32119502,45460,G063,Rytterager,100
1,rik32119502,45461,G065,Herredshuset,315
1,rik32119502,45462,G066,Viksveien,500
1,rik32119502,45463,G067,Veiserviceanlegget,300
1,rik32119502,45464,G068,Vik Camping,500
1,rik32119502,45465,G069,Vik Torg,1000
1,rik32119502,45466,G070,Vik Skole,500
1,rik32119502,45467,G071,Vik sentret,500
1,rik32119502,45468,G072,Solbakken,315
1,rik32119502,45469,G073,L?kenhaugen,315
1,rik32119502,45470,G075,Gjesvoldbakken,100
1,rik32119502,45471,G078,Fekj?r,100
1,rik32119502,45472,G081,Langerudbukt,100
1,rik32119502,45473,G084,Strand,200
1,rik32119502,45474,G087,Ruuds?deg?rd,100
1,rik32119502,45475,G088,Paddevika,100
1,rik32119502,45476,G090,?verjordet,500
1,rik32119502,45477,G091,Kroksund,500
1,rik32119502,45478,G092,Kroksund 2,200
1,rik32119502,45479,G093,Tangen,100
1,rik32119502,45480,G094,Ruds?deg?rden,630
1,rik32119502,45481,G095,Trekanten,1250
1,rik32119502,45482,G096,Rudvang koblingsanlegg,0
1,rik32119502,45483,H001,Sund?ya,200
1,rik32119502,45484,H002,M?lleberget,100
1,rik32119502,45485,H003,M?lleberget,200
1,rik32119502,45486,H004,Sundvollen hotell,1000
1,rik32119502,45487,H005,SUNDVOLDEN PUMPESTASJON,50
1,rik32119502,45488,H006,Tr?gsle,200
1,rik32119502,45489,H007,SUNDVOLDEN GARTNERI,200
1,rik32119502,45490,H008,Sundvollen Sentrum,315
1,rik32119502,45491,H009,Baskerud,500
1,rik32119502,45492,H010,Nedre Gr?ndokka,200
1,rik32119502,45493,H011,Sundvollen N?ringspark,315
1,rik32119502,45494,H012,Mimrebo,100
1,rik32119502,45495,H013,Sundvollen Oppvekstsenter,500
1,rik32119502,45496,H014,Sundvollen koblingspunkt -skap,0
1,rik32119502,45497,H015,Lohrevika,100
1,rik32119502,45498,H016,Korneliusbr?ten,100
1,rik32119502,45499,H017,Sundvollen koblingsanlegg- kiosk,0
1,rik32119502,45500,H018,Sivilforsvaret 1,100
1,rik32119502,45501,H019,Sivilforsvaret 2,500
1,rik32119502,45502,H020,Sivilforsvaret 3,500
1,rik32119502,45503,H021,Steinsetera 1,50
1,rik32119502,45504,H022,Dronningveien,315
1,rik32119502,45505,H023,Gr?ndokkaveien,315
1,rik32119502,45506,H025,Gr?ndokka 1,500
1,rik32119502,45507,H026,Gr?ndokka 2,315
1,rik32119502,45508,H027,Kleivstua,300
1,rik32119502,45509,H028,Elstangen Boligfelt,NULL
1,rik32119502,45510,H029,R?rvik,100
1,rik32119502,45511,H030,Blom,100
1,rik32119502,45512,H031,Tyriheimen,100
1,rik32119502,45513,H032,Stor?ya Golfbane,200
1,rik32119502,45514,H034,Stor?ya 1,100
1,rik32119502,45515,H035,Stor?ya 2,100
1,rik32119502,45516,H036,Stor?ya 3,50
1,rik32119502,45517,H037,R?rvikberget,0
1,rik32119502,45518,H038,Golfklubben Vanning,100
1,rik32119502,45519,H039,Haglund,200
1,rik32119502,45520,H040,Elstangen 2,200
1,rik32119502,45521,H041,Tyrifjord camping,100
1,rik32119502,45522,H042,?verby,100
1,rik32119502,45523,H043,Klokkerlia,800
1,rik32119502,45524,H044,Sundvollen,800
1,rik32119502,45525,H045,Gjota,100
1,rik32119502,45526,H046,Tyrifjord Panorama,500
1,rik32119502,45527,H048,Johbr?ten,300
1,rik32119502,45528,H049,Utvika,100
1,rik32119502,45529,H051,Lia,200
1,rik32119502,45530,H052,E16 Solih?gda 3,50
1,rik32119502,45531,H054,Portebakken,100
1,rik32119502,45532,H055,E16 Sollih?gda 2,50
1,rik32119502,45533,H056,E16 Solih?gda 1,50
1,rik32119502,45534,H057,Berget,100
1,rik32119502,45535,H058,Sollih?gda 4,50
1,rik32119502,45536,H060,Kl?vika,100
1,rik32119502,45537,H063,Skovli,100
1,rik32119502,45538,H066,Lih?gda,200
1,rik32119502,45539,H067,Nes Camping 2,50
1,rik32119502,45540,H068,Nes Camping 1,100
1,rik32119502,45541,H069,Nes,200
1,rik32119502,45542,H070,S?nsterud tunnel 1,630
1,rik32119502,45543,H071,S?nsterud tunnel 2,500
1,rik32119502,45544,H072,S?nsterud,100
1,rik32119502,45545,H074,Nordlands?sen,100
1,rik32119502,45546,H075,Homledal,100
1,rik32119502,45547,H076,Nordlandsdalen,100
1,rik32119502,45548,H078,Fjulsrud,50
1,rik32119502,45549,H080,Bentseg?rd,100
1,rik32119502,45550,H081,Asleg?rd,50
1,rik32119502,45551,H082,Ungdomsherberget,100
1,rik32119502,45552,H083,B?rumshytta,200
1,rik32119502,45553,H084,Sollih?gda 1,500
1,rik32119502,45554,H086,Sollih?gda boligfelt,300
1,rik32119502,45555,H087,Norport,300
1,rik32119502,45556,H090,Toresplassen,100
1,rik32119502,45557,H092,Sundvolden koblingsanlegg- mastearr.,0
1,rik32119502,45558,H093,Sivilforsvaret koblingsanlegg,0
1,rik32119502,45559,H094,Homledal koblingsanlegg,0
1,rik32119502,45560,H095,Aslegård koblingsanlegg,0
1,rik32119502,45561,H096,Sollihøgda koblingsanlegg,0
1,rik32119502,45562,H097,Sivilforsvaret Åsa koblingsanlegg,0
1,rik32119502,45563,Hovedkontor,,0
1,rik32119502,45564,J001,Dals`s Gartneri,315
1,rik32119502,45565,J002,Lisletta,50
1,rik32119502,45566,J003,Gullerud 1,200
1,rik32119502,45567,J004,Gullerud 2,100
1,rik32119502,45568,J005,Gullerud 3,100
1,rik32119502,45569,J006,Linnerud,100
1,rik32119502,45570,J009,Hesselberg 1,100
1,rik32119502,45571,J010,Hesselberg 2,100
1,rik32119502,45572,J012,Vaker,200
1,rik32119502,45573,J014,Burud,50
1,rik32119502,45574,J017,S?nderengen,100
1,rik32119502,45575,J018,Tr?gstad,100
1,rik32119502,45576,J019,Tandberg,100
1,rik32119502,45577,J020,Tr?gstad sandtak,100
1,rik32119502,45578,J021,Hverven,50
1,rik32119502,45579,J022,Hverven vanning,100
1,rik32119502,45580,J023,Tandbergmoen pumpestasjon,100
1,rik32119502,45581,J024,Norderhov kirke.,315
1,rik32119502,45582,J025,Tr?gstad 2,150
1,rik32119502,45583,J027,Ring?sen 1,500
1,rik32119502,45584,J028,Ring?sen 2,500
1,rik32119502,45585,J029,Botilrud,200
1,rik32119502,45586,J030,Gihle,100
1,rik32119502,45587,J031,Gusg?rden,100
1,rik32119502,45588,J032,Dalby,200
1,rik32119502,45589,J033,Frog,100
1,rik32119502,45590,J035,Juveren,200
1,rik32119502,45591,J036,Raa,50
1,rik32119502,45592,J037,Sands?tra,100
1,rik32119502,45593,J038,Laenga,100
1,rik32119502,45594,J040,Solstad,100
1,rik32119502,45595,J042,Fredenshavn,100
1,rik32119502,45596,J043,Frogsmoen,100
1,rik32119502,45597,J044,H?kenstadbekken,200
1,rik32119502,45598,J045,H?kenstad,100
1,rik32119502,45599,J046,Salmakerplassen,100
1,rik32119502,45600,J047,Snadden s?ndre,0
1,rik32119502,45601,J048,Granli,75
1,rik32119502,45602,J051,Ultvedt,100
1,rik32119502,45603,J053,Hageenga,50
1,rik32119502,45604,J054,Nordby,100
1,rik32119502,45605,J057,Brastad,100
1,rik32119502,45606,J058,Skj?rvold,200
1,rik32119502,45607,J059,Rakstad,100
1,rik32119502,45608,J060,?stby,315
1,rik32119502,45609,J063,Sandvika,200
1,rik32119502,45610,J064,Bj?rnstad,100
1,rik32119502,45611,J065,Veg?rd skole 2,200
1,rik32119502,45612,J066,Veg?rd skole,100
1,rik32119502,45613,J069,Bergl?kka,200
1,rik32119502,45614,J070,Johnsrud,100
1,rik32119502,45615,J072,Aasa,200
1,rik32119502,45616,J074,Pj?ka,50
1,rik32119502,45617,J075,Brentl?r 1,100
1,rik32119502,45618,J078,Svarverud,100
1,rik32119502,45619,J081,Fuglesang,100
1,rik32119502,45620,J082,Gunnerenga,200
1,rik32119502,45621,J083,Gunnerenga koblingsanlegg,0
1,rik32119502,45622,J084,Elvika 1,50
1,rik32119502,45623,J087,Elviktangen,50
1,rik32119502,45624,J090,Elvika 2,100
1,rik32119502,45625,J091,Nordenga,100
1,rik32119502,45626,J092,Gyrihaugen,50
1,rik32119502,45627,J093,Steinsetra 2,50
1,rik32119502,45628,J094,Lommeg?rdseter,50
1,rik32119502,45629,J096,L?vlia,100
1,rik32119502,45630,J097,Nibbitjern,50
1,rik32119502,45631,J098,Heggelia,100
1,rik32119502,45632,J101,Gagnum koblingsanlegg,0
1,rik32119502,45633,J102,Lahaugen koblingsanlegg,0
1,rik32119502,45634,J103,Kalkverket koblingsanlegg,0
1,rik32119502,45635,J104,Øvre Ultvedt koblingsanlegg,0
1,rik32119502,45636,J105,Nordby koblingsanlegg,0
1,rik32119502,45637,J106,Aasa Kraftstasjon koblingsanlegg Nord,0
1,rik32119502,45638,J107,Åsa kraftstasjon koblingsanlegg Syd,0
1,rik32119502,45639,K002,St?avangen,200
1,rik32119502,45640,K003,Hjertelia,200
1,rik32119502,45641,K004,?ygardshaugen,200
1,rik32119502,45642,K005,Kragstad,100
1,rik32119502,45643,K006,Viulfoss,50
1,rik32119502,45644,K007,S?trang,200
1,rik32119502,45645,K008,Klekken Hotel 3,500
1,rik32119502,45646,K009,Eskestrand,100
1,rik32119502,45647,K010,Solhagen,100
1,rik32119502,45648,K011,Loetunet,630
1,rik32119502,45649,K012,Haug telesentral,315
1,rik32119502,45650,K013,Vang Skole 2,630
1,rik32119502,45651,K014,L?ken?sen,200
1,rik32119502,45652,K015,Freitag,200
1,rik32119502,45653,K016,Nedre Klekken vei,315
1,rik32119502,45654,K017,Nedre Klekken,500
1,rik32119502,45655,K018,Borger,200
1,rik32119502,45656,K019,Jenshagen,200
1,rik32119502,45657,K020,Putten,100
1,rik32119502,45658,K021,Klekken Hotell 1,500
1,rik32119502,45659,K022,Nordberg,315
1,rik32119502,45660,K023,Briskebyen,100
1,rik32119502,45661,K024,Bergstjern,300
1,rik32119502,45662,K025,Berg,315
1,rik32119502,45663,K026,Klekken Hotell 2,630
1,rik32119502,45664,K027,Eriksrud,200
1,rik32119502,45665,K028,Mol?kken,100
1,rik32119502,45666,K030,Loestajet,200
1,rik32119502,45667,K031,H?ydebaseng Loe,300
1,rik32119502,45668,K032,Inngjerdinga,500
1,rik32119502,45669,K033,Hval,100
1,rik32119502,45670,K034,P?ske Aasensvei,315
1,rik32119502,45671,K035,F?rdenveien,300
1,rik32119502,45672,K036,Smeden,100
1,rik32119502,45673,K037,Rosenhoff,100
1,rik32119502,45674,K038,F?rdenbakken,315
1,rik32119502,45675,K039,Gjermundbo,200
1,rik32119502,45676,K040,Granheim,100
1,rik32119502,45677,K041,Mosetjern,50
1,rik32119502,45678,K042,Sj?haug,100
1,rik32119502,45679,K043,Dam?sen,100
1,rik32119502,45680,K044,R?sstjern,200
1,rik32119502,45681,K045,Ringkollen,100
1,rik32119502,45682,K048,B?lgen 1,200
1,rik32119502,45683,K050,Harahaugen,200
1,rik32119502,45684,K051,B?lgen 2,50
1,rik32119502,45685,K052,Smeden 7,315
1,rik32119502,45686,K053,B?lgenh?gda,315
1,rik32119502,45687,K054,Stiksrud,100
1,rik32119502,45688,K055,Engen,200
1,rik32119502,45689,K056,Honerud,100
1,rik32119502,45690,K057,?deg?rden,100
1,rik32119502,45691,K058,?serud,200
1,rik32119502,45692,K059,Gjermundbo 2,100
1,rik32119502,45693,K060,Skaug,100
1,rik32119502,45694,K061,Torp,100
1,rik32119502,45695,K062,Viulsh?gda,200
1,rik32119502,45696,K063,Kjennerud,100
1,rik32119502,45697,K064,?sbygda skole,315
1,rik32119502,45698,K065,Alm,100
1,rik32119502,45699,K066,Skaugstad,100
1,rik32119502,45700,K067,Alm g?rd,315
1,rik32119502,45701,K069,H?kenstuen,315
1,rik32119502,45702,K070,Aslaksrud,50
1,rik32119502,45703,K071,Oppland grense,200
1,rik32119502,45704,K072,Gj?rud,100
1,rik32119502,45705,K075,L?ken,0
1,rik32119502,45706,K076,Haug 1,200
1,rik32119502,45707,K077,Vangsveien,300
1,rik32119502,45708,K078,Thoen,100
1,rik32119502,45709,K079,Loeshagen,200
1,rik32119502,45710,K080,Lerberg,100
1,rik32119502,45711,K081,Hagan,200
1,rik32119502,45712,K082,Haug 2,200
1,rik32119502,45713,K083,Loeveien,300
1,rik32119502,45714,K084,Knestang,200
1,rik32119502,45715,K085,Haug 3,200
1,rik32119502,45716,K086,Loeskollen,500
1,rik32119502,45717,K087,Viul Skole,50
1,rik32119502,45718,K088,Solheim,200
1,rik32119502,45719,K090,Viul ?st,100
1,rik32119502,45720,K093,Hval stasjon,200
1,rik32119502,45721,K094,Thoenbakken,100
1,rik32119502,45722,K095,Stillerud,50
1,rik32119502,45723,K096,Ringkollen friluftsenter,200
1,rik32119502,45724,K099,F?rdensvingen,315
1,rik32119502,45725,K100,Kontorjordet,200
1,rik32119502,45726,K101,Myra,315
1,rik32119502,45727,K102,Hovedg?rden,200
1,rik32119502,45728,K103,Viul stasjon,50
1,rik32119502,45729,K104,Renseriet,100
1,rik32119502,45730,K105,L?kkadammen,50
1,rik32119502,45731,K106,Kappen,500
1,rik32119502,45732,K107,Trafo Øst,1250
1,rik32119502,45733,K108,Trafo Syd,700
1,rik32119502,45734,K109 ,K109 Vest,800
1,rik32119502,45735,K110,Nord,1000
1,rik32119502,45736,K111,Sliperiet (T1),0
1,rik32119502,45737,K112,Øst,1000
1,rik32119502,45738,K114,Hetoljekjele ,1750
1,rik32119502,45739,K115,Birkelund,100
1,rik32119502,45740,K116,Marteseterveien,50
1,rik32119502,45741,K117,Jaklefoss 2,50
1,rik32119502,45742,K118,H?vardseter,100
1,rik32119502,45743,K119,Jaklefoss 1,100
1,rik32119502,45744,K121,Leikvinjar,100
1,rik32119502,45745,K125,Havna Boligfelt,500
1,rik32119502,45746,K126,Trøttilsrudn koblingsanlegg,0
1,rik32119502,45747,K127,Ødehval koblingsanlegg,0
1,rik32119502,45748,K128,Løken koblingsanlegg,10
1,rik32119502,45749,K129,Knestanggata koblingsanlegg,0
1,rik32119502,45750,K130,Viul 5kV koblingspunkt,0
1,rik32119502,45751,L002,Alme koblingsanlegg,0
1,rik32119502,45752,L003,Alme 2,100
1,rik32119502,45753,L004,Almemoen 1,800
1,rik32119502,45754,L005,Almemoen 2.,800
1,rik32119502,45755,L006,Alme 1,100
1,rik32119502,45756,L007,Almemoen 3,0
1,rik32119502,45757,L008,Almemoen 4,800
1,rik32119502,45758,L009,?yatangen,200
1,rik32119502,45759,L011,FSAT,800
1,rik32119502,45760,L012,KP 115 Hvalsmoen,630
1,rik32119502,45761,L013,Prosat,500
1,rik32119502,45762,L014,Hvalsmoen 2,630
1,rik32119502,45763,L015,Hvalsmoen 1,500
1,rik32119502,45764,L016,Hvalsmoen Øvre plass,500
1,rik32119502,45765,L017,Prov Eggemoen,0
1,rik32119502,45766,L018,Eggemoen FSE,0
1,rik32119502,45767,L019,Idretshallen,500
1,rik32119502,45768,L020,N?rstad G?rd,100
1,rik32119502,45769,L021,Tyrimyra 1,100
1,rik32119502,45770,L022,Tyrimyra 2,0
1,rik32119502,45771,L023,Aasen sag 2,500
1,rik32119502,45772,L024,Aasen sag,315
1,rik32119502,45773,L025,N?rstad,100
1,rik32119502,45774,L026,Egge g?rd,200
1,rik32119502,45775,L028,Austjord,500
1,rik32119502,45776,L030,Eggemoen 1,800
1,rik32119502,45777,L031,Eggemoen 2,200
1,rik32119502,45778,L032,Eggemoen 3,0
1,rik32119502,45779,L033,Eggemoen 4,800
1,rik32119502,45780,L034,Eggemoen 5 NATO,500
1,rik32119502,45781,L035,Nymoen 1,200
1,rik32119502,45782,L036,Eggemoen 6 midtre,50
1,rik32119502,45783,L037,Nymoen pumpestasjon,100
1,rik32119502,45784,L038,Begna,50
1,rik32119502,45785,L039,Eggemoen 7,100
1,rik32119502,45786,L040,Norol Hensmoen,30
1,rik32119502,45787,L041,S?rflaten,100
1,rik32119502,45788,L042,Industriveien,100
1,rik32119502,45789,L044,Skytterbanen,100
1,rik32119502,45790,L045,Geiteryggen,630
1,rik32119502,45791,L046,Vestli,100
1,rik32119502,45792,L047,V?g?rd,100
1,rik32119502,45793,L048,Hagastua,100
1,rik32119502,45794,L049,Motordrift,630
1,rik32119502,45795,L050,Nymoen 2,100
1,rik32119502,45796,L051,Eggemoen 9,200
1,rik32119502,45797,L052,Ringerike motor,300
1,rik32119502,45798,L053,Nybyen,100
1,rik32119502,45799,L054,Industriveien 2,300
1,rik32119502,45800,L055,Risesletta,630
1,rik32119502,45801,L056,H?nefoss ferdigbetong,200
1,rik32119502,45802,L058,Buskerud industriselskap,315
1,rik32119502,45803,L059,Myrvang,100
1,rik32119502,45804,L060,Hen grustak,800
1,rik32119502,45805,L061,Hen grustak 2,0
1,rik32119502,45806,L062,Hen postkontor,200
1,rik32119502,45807,L063,Nesset,100
1,rik32119502,45808,L064,Biltilsynet,500
1,rik32119502,45809,L065,Hagen,100
1,rik32119502,45810,L066,V?g?rdsmoen,315
1,rik32119502,45811,L068,Blomsterdalen,200
1,rik32119502,45812,L069,Verkstedveien 1,1250
1,rik32119502,45813,L070,H?vik St?l 2,800
1,rik32119502,45814,L072,Impregneringsverket 3,800
1,rik32119502,45815,L073,Raastad,500
1,rik32119502,45816,L074,Tajet,100
1,rik32119502,45817,L075,Nora,0
1,rik32119502,45818,L076,Br?drene Berntsen,315
1,rik32119502,45819,L077,Br?ten,50
1,rik32119502,45820,L078,Norpapp,1000
1,rik32119502,45821,L079,H?vik verk T1+T2,800
1,rik32119502,45822,L080,Kvale,500
1,rik32119502,45823,L081,?stlanske,800
1,rik32119502,45824,L082,Sivilforsvaret,200
1,rik32119502,45825,L083,Hen N.,100
1,rik32119502,45826,L084,Menova,315
1,rik32119502,45827,L085,Industriveien 3,800
1,rik32119502,45828,L086,Impregneringsverket 1,1000
1,rik32119502,45829,L087,Impregneringsverket 2,1000
1,rik32119502,45830,L088,St?a,100
1,rik32119502,45831,L089,?stlandske spennbetong 2,630
1,rik32119502,45832,L090,Ringerike vannv. T1+T2,630
1,rik32119502,45833,L091,Vestsiden pukkverk,1250
1,rik32119502,45834,L092,Kihle,100
1,rik32119502,45835,L093,Kihlemoen VBA,315
1,rik32119502,45836,L094,Ringerike Bruk,300
1,rik32119502,45837,L095,ASAK,800
1,rik32119502,45838,L096,Follum Jordspolekiosk,1016
1,rik32119502,45839,L098,Kaldbekk,50
1,rik32119502,45840,L099,Hihleenga,100
1,rik32119502,45841,L100,Ringerike bruk 2,800
1,rik32119502,45842,L101,Høvik Verk 3,1250
1,rik32119502,45843,L102,Nymoen 3,100
1,rik32119502,45844,L103,Svelviksand 2,500
1,rik32119502,45845,L104,Nedre Kihlemoen,500
1,rik32119502,45846,L105,?stspenn 3,800
1,rik32119502,45847,L106,Østspenn 4,500
1,rik32119502,45848,L107,Nordpapp,0
1,rik32119502,45849,L108,Impregneringsverket 4,1000
1,rik32119502,45850,L109,Br?drene Berntsen 2,1000
1,rik32119502,45851,L110,Furuhaugen,50
1,rik32119502,45852,L111,Veidekke Kihlemoen,1000
1,rik32119502,45853,L112,Solberg Sag,100
1,rik32119502,45854,L113,Nymofaret,100
1,rik32119502,45855,L114,Buttentjern,200
1,rik32119502,45856,L116,Norpapp 3,500
1,rik32119502,45857,L118,Buss Anlegget,800
1,rik32119502,45858,L119,Nedre Kihlemoen 2,500
1,rik32119502,45859,L120,Svelviksand 3,630
1,rik32119502,45860,L121,Austjord 2,315
1,rik32119502,45861,L122,Ringerikskj?kken,630
1,rik32119502,45862,L123,Eggemoen N?ringspark,1600
1,rik32119502,45863,L124,Hallmaker,315
1,rik32119502,45864,L125,Tronrud Engeenering Prod,1250
1,rik32119502,45865,L126,Verkstedveien 44,315
1,rik32119502,45866,L127,Vestsiden Pukkverk,1250
1,rik32119502,45867,L128,Nedre Kilemoen 3.,500
1,rik32119502,45868,L129,Hen koblingsanlegg,0
1,rik32119502,45869,L130,Glederud koblingsanlegg,0
1,rik32119502,45870,L131,Eggemoen koblingsanlegg,0
1,rik32119502,45871,L132,Nymoen koblingsanlegg,0
1,rik32119502,45872,L133,Kihlemoen koblingsanlegg,0
1,rik32119502,45873,L134,Dødisgropa koblingsanlegg,0
1,rik32119502,45874,L135,Hensmoen koblingsanlegg,0
1,rik32119502,45875,L136,Industriveien koblingsanlegg,0
1,rik32119502,45876,L137,Hensmoveien v/Høvik koblingsanlegg,0
1,rik32119502,45877,MBK,,0
1,rik32119502,45878,A027,?st-Verme,200
1,rik32119502,45879,P001,Valdersst?a,100
1,rik32119502,45880,P002,Hen,100
1,rik32119502,45881,P003,Rognerud,50
1,rik32119502,45882,P004,S?ndre Valderst?moen,100
1,rik32119502,45883,P005,Tutanrud,100
1,rik32119502,45884,P006,Brentebr?ten,50
1,rik32119502,45885,P007,Iversplassen,100
1,rik32119502,45886,P008,Semmenelva,200
1,rik32119502,45887,P009,Semmen s?ndre,100
1,rik32119502,45888,P010,?dal koblingsst.(NVE),200
1,rik32119502,45889,P011,Semmen,100
1,rik32119502,45890,P012,Semmen nordre,50
1,rik32119502,45891,P013,Holt,100
1,rik32119502,45892,P014,?stvold,50
1,rik32119502,45893,P015,J?rgensplass,100
1,rik32119502,45894,P016,Valderst?moen,200
1,rik32119502,45895,P017,?vermoen,100
1,rik32119502,45896,P018,Sk?rfl?gan,100
1,rik32119502,45897,P019,Gr?nvold,100
1,rik32119502,45898,P020,?sliveien,315
1,rik32119502,45899,P021,Fagervold,100
1,rik32119502,45900,P022,Hallingby Trygdebolig,315
1,rik32119502,45901,P023,Aaveren,50
1,rik32119502,45902,P024,Kirkehval,200
1,rik32119502,45903,P025,Hallingby,100
1,rik32119502,45904,P026,Knuterudveien,315
1,rik32119502,45905,P027,Lystad,200
1,rik32119502,45907,P028,Skollerud vanning,0
1,rik32119502,45908,P029,Hallingby skole,630
1,rik32119502,45909,P030,Torvstr?fabrikken,200
1,rik32119502,45910,P031,Engseth,200
1,rik32119502,45911,P032,Lyngmo,315
1,rik32119502,45912,P033,Svartevja,100
1,rik32119502,45913,P034,Nordre Gr?nvold,100
1,rik32119502,45914,P035,R?ste,50
1,rik32119502,45915,P036,Rundhaug,50
1,rik32119502,45916,P037,L?kkemoen,100
1,rik32119502,45917,P038,Str?mmen,100
1,rik32119502,45918,P039,L?kke,75
1,rik32119502,45919,P040,Englymoen,50
1,rik32119502,45920,P041,Skollerud g?rd,100
1,rik32119502,45921,P042,Nordre verket,50
1,rik32119502,45922,P043,Biribakken,50
1,rik32119502,45923,P044,Skollerud,100
1,rik32119502,45924,P045,Halsteinrud,100
1,rik32119502,45925,P046,Lysne,200
1,rik32119502,45926,P047,Kihle sag,300
1,rik32119502,45927,P048,Hval,100
1,rik32119502,45928,P049,Nilsedalsletta,50
1,rik32119502,45929,P050,Juterud,50
1,rik32119502,45930,P051,Odda,100
1,rik32119502,45931,P053,Lindbr?ten,50
1,rik32119502,45932,P055,Somdalsbr?ten,50
1,rik32119502,45933,P057,Somdalen,100
1,rik32119502,45934,P058,Bakken,50
1,rik32119502,45935,P059,Torsteinstua,100
1,rik32119502,45936,P060,Samsj?vegen,100
1,rik32119502,45937,P061,Somma sag,50
1,rik32119502,45938,P062,L?vskogen,100
1,rik32119502,45939,P063,Spiralux,500
1,rik32119502,45940,P064,Hvitmyr 2,100
1,rik32119502,45941,P065,Hvitmyr,100
1,rik32119502,45942,P066,Bymarka,0
1,rik32119502,45943,P067,Bergsund,100
1,rik32119502,45944,P068,Hallingby skole 2,800
1,rik32119502,45945,P069,Lia,100
1,rik32119502,45946,P070,Liakastet,50
1,rik32119502,45947,P071,Midthaug,50
1,rik32119502,45948,P072,Busterud g?rd,100
1,rik32119502,45949,P073,Fj?svikmoen,100
1,rik32119502,45950,P074,Busterud vann,100
1,rik32119502,45951,P075,Amundstua,50
1,rik32119502,45952,P076,Flaskerud vann,100
1,rik32119502,45953,P077,Flaskerud,100
1,rik32119502,45954,P078,Flaskerudsetra,100
1,rik32119502,45955,P079,Killingstr?mmen,100
1,rik32119502,45956,P080,Bergsundodden,50
1,rik32119502,45957,P081,Rognerud vanning,50
1,rik32119502,45958,P082,Søndre Røste vanning,100
1,rik32119502,45959,P083,Eriksplassen,50
1,rik32119502,45960,P086,Gr?tterud 2,50
1,rik32119502,45961,P087,Eriksrud,50
1,rik32119502,45962,P088,Langtjern 1,200
1,rik32119502,45963,P090,Stasholehaugen,315
1,rik32119502,45964,P091,Bergsundfeltet,315
1,rik32119502,45965,P092,Bj?rntjernlia,500
1,rik32119502,45966,P096,Coop Hallingby,0
1,rik32119502,45967,P098,Kirkemotunet,315
1,rik32119502,45968,P099,Samsj?en skytterbane,50
1,rik32119502,45969,P100,Nordre Verket koblingsanlegg,0
1,rik32119502,45970,P101,Nilsedalssletta koblingsanlegg,0
1,rik32119502,45971,Renseanlegg,,0
1,rik32119502,45972,Sek.st.16,,0
1,rik32119502,45973,Sek.st.17,,0
1,rik32119502,45974,Sek.st4,TD41,0
1,rik32119502,45975,T003,Fj?svika sag,100
1,rik32119502,45976,T006,Ringmoen skole,315
1,rik32119502,45977,T007,Ringmoen,100
1,rik32119502,45978,T009,Str?mmen,100
1,rik32119502,45979,T010,Solli,50
1,rik32119502,45980,T011,Kongstr?mmen stasjonstrafo,50
1,rik32119502,45981,T012,Sp?haug,100
1,rik32119502,45982,T013,Olsvika,200
1,rik32119502,45983,T014,Bekkelund,50
1,rik32119502,45984,T015,Moltebrenna,315
1,rik32119502,45985,T016,Gunbj?rrud,50
1,rik32119502,45986,T017,Veslefjell,315
1,rik32119502,45987,T018,Ringerudkollen,50
1,rik32119502,45988,T019,Ringerud,50
1,rik32119502,45989,T020,Oset,50
1,rik32119502,45990,T021,Maristua,50
1,rik32119502,45991,T022,Tossevika boligfelt,100
1,rik32119502,45992,T023,Vikerseterveien,100
1,rik32119502,45993,T024,Gryte,50
1,rik32119502,45994,T025,Strande,50
1,rik32119502,45995,T026,T?mmerviken,50
1,rik32119502,45996,T027,Andetjern,100
1,rik32119502,45997,T028,Myhre,100
1,rik32119502,45998,T029,Helgestua,200
1,rik32119502,45999,T030,Bernhatten,200
1,rik32119502,46000,T031,Viker kirke,200
1,rik32119502,46001,T032,Viker,100
1,rik32119502,46002,T033,Tossevika sag,500
1,rik32119502,46003,T034,Torsteinsrud,100
1,rik32119502,46004,T035,Ringerudsetervegen,50
1,rik32119502,46005,T037,Elsrud,100
1,rik32119502,46006,T038,Tossevika S?r,500
1,rik32119502,46007,T039,Tosseviksetra,315
1,rik32119502,46008,T040,?ybrua,50
1,rik32119502,46009,T041,Vikerseterveien 2,50
1,rik32119502,46010,T042,Hagen,100
1,rik32119502,46011,T043,Volen,50
1,rik32119502,46012,T044,Skarrud,100
1,rik32119502,46013,T045,Haraldsbr?ten,100
1,rik32119502,46014,T047,Lykkja,50
1,rik32119502,46015,T050,Finnsand,100
1,rik32119502,46016,T051,Renna,50
1,rik32119502,46017,T052,Sk?pet,500
1,rik32119502,46018,T053,Rydningssand,100
1,rik32119502,46019,T056,Haugerud,50
1,rik32119502,46020,T057,K?v?n,50
1,rik32119502,46021,T058,Bjørkåsen koblpkt.,0
1,rik32119502,46022,T059,Nyhus,100
1,rik32119502,46023,T061,Nordhaga,50
1,rik32119502,46024,T062,Rinna,100
1,rik32119502,46025,T065,Buttingsrud,100
1,rik32119502,46026,T067,Gr?terud,100
1,rik32119502,46027,T069,Enger,100
1,rik32119502,46028,T070,Engerodden,50
1,rik32119502,46029,T071,Voldvik,50
1,rik32119502,46030,T072,Nordalen,50
1,rik32119502,46031,T073,Blakstvedt,100
1,rik32119502,46032,T074,Rustad,100
1,rik32119502,46033,T075,Persvold,100
1,rik32119502,46034,T076,Sperillen camping,200
1,rik32119502,46035,T078,Bekkevold,50
1,rik32119502,46036,T079,Smerud,100
1,rik32119502,46037,T080,Svartbekk,50
1,rik32119502,46038,T081,H?ghaug,50
1,rik32119502,46039,T083,Dammen,50
1,rik32119502,46040,T085,Vardehaug,50
1,rik32119502,46041,T086,Bjonvika Rasteplass,50
1,rik32119502,46042,T087,Bjonvika,100
1,rik32119502,46043,T089,Olavsbr?ten,30
1,rik32119502,46044,T091,Vassenden,50
1,rik32119502,46045,T092,Skognes,50
1,rik32119502,46046,T093,Nersetra,50
1,rik32119502,46047,T094,Skarrud?sen 1,100
1,rik32119502,46048,T095,Skarrud?sen 2,50
1,rik32119502,46049,T096,Skarrud?sen 3,100
1,rik32119502,46050,T097,Skarrud?sen 4,50
1,rik32119502,46051,T098,Skarrud?sen 5,50
1,rik32119502,46052,T101,Kolledalen,0
1,rik32119502,46053,T102,Killingtjernlia,0
1,rik32119502,46054,T103,Kongstrømmen koblingsanlegg,0
1,rik32119502,46055,T104,Bekkevold koblingspunkt,0
1,rik32119502,46056,T105,Trettodden koblingspunkt,0
1,rik32119502,46057,T300P,Setertjern,0
1,rik32119502,46058,T7,Ørgenvik tunnellen,0
1,rik32119502,46059,T8,Ørgenvik tunnellen,0
1,rik32119502,46060,T9,Ørgenvik vest,0
1,rik32119502,46061,V001,Håvervika koblingspunkt,0
1,rik32119502,46062,V003,Fosstenl?kka,50
1,rik32119502,46063,V004,Kvitsand,50
1,rik32119502,46064,V005,Br?ten,50
1,rik32119502,46065,V006,S?ndre Lunde,100
1,rik32119502,46066,V007,Nordre Lunde,100
1,rik32119502,46067,V009,Furulund,500
1,rik32119502,46068,V012,Granum 1,50
1,rik32119502,46069,V013,Granum 2,100
1,rik32119502,46070,V014,?ya,100
1,rik32119502,46071,V015,Tangen Nes,100
1,rik32119502,46072,V016,Granum industri 1,200
1,rik32119502,46073,V017,Hel,100
1,rik32119502,46074,V018,Gravlimoen,100
1,rik32119502,46075,V021,Nes vannverk,200
1,rik32119502,46076,V022,Grav?br?ten,100
1,rik32119502,46077,V023,Nes Taverna,200
1,rik32119502,46078,V024,Hengslet,50
1,rik32119502,46079,V025,Myrvang,30
1,rik32119502,46080,V026,Maurland,100
1,rik32119502,46081,V027,Langbr?ten,50
1,rik32119502,46082,V028,Maurland 2,50
1,rik32119502,46083,V029,Limoen,75
1,rik32119502,46084,V030,Fagernes,50
1,rik32119502,46085,V031,Blåbesta,30
1,rik32119502,46086,V032,Putten,50
1,rik32119502,46087,V033,Nesrud,100
1,rik32119502,46088,V034,Nes bygdehus,200
1,rik32119502,46089,V035,Huken,50
1,rik32119502,46090,V036,Nes skole,200
1,rik32119502,46091,V037,Nordre Holte,100
1,rik32119502,46092,V038,Myra,315
1,rik32119502,46093,V039,Coop Nes,315
1,rik32119502,46094,V040,Nes sykehjem,500
1,rik32119502,46095,V042,Nesmoen,50
1,rik32119502,46096,V044,Veltelia,630
1,rik32119502,46097,V045,Sand,100
1,rik32119502,46098,V048,Balkan,50
1,rik32119502,46099,V052,Stormyr,100
1,rik32119502,46100,V054,Tj?refabrikken,100
1,rik32119502,46101,V055,Heggerudstad,50
1,rik32119502,46102,V056,Amundfoss,50
1,rik32119502,46103,V057,Auren 1,50
1,rik32119502,46104,V060,Fossholm,50
1,rik32119502,46105,V063,Nybrua,50
1,rik32119502,46106,V066,Ura,50
1,rik32119502,46107,V069,Lindelia,50
1,rik32119502,46108,V072,Fagerheim,50
1,rik32119502,46109,V074,?vervolden,100
1,rik32119502,46110,V075,Fagerns g?rd,50
1,rik32119502,46111,V076,Øya koblingsanlegg,0
1,rik32119502,46112,V077,Øvervollen koblingspunkt,0
1,rik32119502,47434,C072,Sentrum,800
1,rik32119502,53674,C006T1,Storgaten 13 T1,NULL
1,rik32119502,53676,A077T1,Helgerud Skole T1,NULL
1,rik32119502,53677,FIKTIV TRAFOKRETS - ENORO,FIKTIV TRAFOKRETS - ENORO,NULL
1,rik32119502,53678,FIKTIV TRAFOKRETS - ENORO,FIKTIV TRAFOKRETS - ENORO,NULL
1,rik32119502,53679,B073,S?tra 2,50
1,rik32119502,53680,L078T1,Norpapp T1,NULL
1,rik32119502,53681,C022T1,Hønefoss Hvilehjem T1,NULL
1,rik32119502,53682,F012T1,Forsvaret 1 T1,NULL
1,rik32119502,53683,C086T1,Sentrumskvartalet T1,NULL
1,rik32119502,53684,C086T1,Sentrumskvartalet T1,NULL
1,rik32119502,53685,C086T2,Sentrumskvartalet T2,NULL
1,rik32119502,53686,C086T2,Sentrumskvartalet T2,NULL
1,rik32119502,53687,L069T1,Verkstedveien 1 T1,NULL
1,rik32119502,53688,G053T1,Kjellerberget T1,NULL
1,rik32119502,53691,J023T1,Tandbergmoen pumpestasjon T1,NULL
1,rik32119502,53692,C118T1,Søndre Torv 2 T1,NULL
1,rik32119502,53693,C166T1,H?nefossenteret T1,NULL
1,rik32119502,53694,J015,Kalkverket,NULL
1,rik32119502,53695,C003T1,Stabellsgate 7 T1,NULL
1,rik32119502,53696,E017T1,Tyristrand Skole T1,NULL
1,rik32119502,53697,C086T3,Sentrumskvartalet T3,NULL
1,rik32119502,53700,L125T1,Tronrud Engeenering Prod T1,NULL
1,rik32119502,53701,C029T1,Kornsiloen T1,NULL
1,rik32119502,53702,C137T1,Monserud Renseanlegg T1,NULL
1,rik32119502,53703,C011T1,Realskolen T1,NULL
1,rik32119502,53704,C011T1,Realskolen T1,NULL
1,rik32119502,53705,C018T1,Ringerike Sparebank T1,NULL
1,rik32119502,53706,C076T1,Fuglesang T1,NULL
1,rik32119502,53707,C005T1,Kong Ringsgate T1,NULL
1,rik32119502,53708,L095T1,ASAK T1,NULL
1,rik32119502,53709,C197T1,Vardar T1,NULL
1,rik32119502,53710,C183T1,Hand-Pro T1,NULL
1,rik32119502,53711,C160T1,Birkebeinerveien T1,NULL
1,rik32119502,53712,L090T1,Ringerike vannv. T1+T2,NULL
1,rik32119502,53713,C185T1,Sykehuset Teknisk Sentral T1,NULL
1,rik32119502,53714,C070T1,Sykehuset T1,NULL
1,rik32119502,53715,C070T1,Sykehuset T1,NULL
1,rik32119502,53716,L103T1,Svelviksand 2 T1,NULL
1,rik32119502,53717,L103T1,Svelviksand 2 T1,NULL
1,rik32119502,53718,C152T1,N.G.O. 1 T1,NULL
1,rik32119502,53719,C074T1,Bredalsveien 14 T1,NULL
1,rik32119502,53720,C074T1,Bredalsveien 14 T1,NULL
1,rik32119502,53721,C220T1,Follum Energisentral T1,NULL
1,rik32119502,53722,C015,Trygstad Terrasse,500
1,rik32119502,53723,L140,Eggemoen Satelittstasjon 3,1600
1,rik32119502,53724,L139,Eggemoen Satelittstasjon 2,1600
1,rik32119502,53725,L138,Eggemoen Satelittstasjon 1,1600
1,rik32119502,53726,L142,Nedre Kihlemoen 4,200
1,rik32119502,53727,C168T1,Stormarkedet T1,NULL
1,rik32119502,53728,C168T1,Stormarkedet T1,NULL
1,rik32119502,53729,J034,Juveren 2,50
1,rik32119502,53730,L141,Eggemoen N?ringspark 2,500
1,rik32119502,53731,F013,Helgelandsmoen 2,630
1,rik32119502,53780,H053,Ut?ya,800
1,rik32119502,53864,99999,-,NULL
1,rik32119502,53904,V008,Nes renseanlegg,315
1,rik32119502,54155,J071,Sm?br?tan,NULL
1,rik32119502,54182,C229,Hvervenmoen 2,1250
1,rik32119502,54303,C220,Follum Energisentral,1600
1,rik32119502,54630,A103,Helgerud vest,500
1,rik32119502,54750,T054,Skarrud 2,100
1,rik32119502,54759,C226,Administratorbygg,500
1,rik32119502,55802,C230,Benterud 1,NULL
1,rik32119502,55822,E008,F?gri 3,NULL
1,rik32119502,56040,G040,Vik Ladestasjon,NULL
1,rik32119502,56064,P103,Kiwi Hallingby,NULL
1,rik32119502,58250,L143,Hensfoss,NULL
1,rik32119502,60780,G050,?vre L?ken,NULL
1,rik32119502,60815,T064,Setertjern,NULL
1,rik32119502,60816,J079,Damtjern,NULL
1,rik32119502,60851,G041,G041 Vikshagen,NULL
1,rik32119502,61005,T106,Killingtjernlia,NULL
1,rik32119502,61025,L144,Hensmoveien 101,NULL
1,rik32119502,61051,J076,Stubdal,NULL
1,rik32119502,62153,U003,Ulefoss hovedg?rd 5AUE8,NULL
1,rik32119502,62825,A037,Torsteinsjordet,NULL
1,rik32119502,63065,F074,Frogn?ya,NULL
1,rik32119502,63083,T055,Hattebekken,NULL
1,rik32119502,63110,H061,Sundvollen Hotell  2,NULL
1,rik32119502,63134,C233,Follum DL senter 1,NULL
1,rik32119502,63136,K029,Klekkenhagen,NULL
1,rik32119502,63166,C231,Brutorget,NULL
1,rik32119502,63265,C232,Tandberglia,NULL
